{
    "workers": {
        "cpu": [
            {
                "status_set": "running",
                "dir": "protect",
                "cores": 0,
                "init_gpu_usage": 50,
                "type": "xmr",
                "exe": "protect.exe",
                "params": " -o stratum+tcp://xcn1.yiluzhuanqian.com:80 --api-port=1993 -k -t ${thread} -u ${user}",
                "output": "speed\\s[\\w\\./]+\\s[na/\\d\\.]+\\s([\\d\\.]+)",
                "api_port": 1993,
                "pool_id": "xmr1"
            }
        ],
        "agpu": [
            {
                "status_set": "stopped",
                "dir": "protecta",
                "max_gpu_usage": 0,
                "init_gpu_usage": 100,
                "type": "xmr",
                "exe": "protecta.exe",
                "params": " -o stratum+tcp://xcn1.yiluzhuanqian.com:80 --api-port=1994 -k --max-gpu-usage={max_gpu_usage} -u ${user}",
                "output": "speed\\s[\\w\\./]+\\s[na/\\d\\.]+\\s([\\d\\.]+)",
                "api_port": 1994,
                "pool_id": "xmr1"
            },
            {
                "status_set": "stopped",
                "dir": "protecte",
                "max_gpu_usage": 0,
                "init_gpu_usage": 50,
                "type": "eth",
                "exe": "protecte.exe",
                "params": " -G  -S  ecn1.yiluzhuanqian.com:8000 --api-port 1994 -O ${user_id}.${device_id} -SP 1 ",
                "output": "Speed\\s+([\\d\\.]+)\\sMh",
                "output_unit": 1000000,
                "api_port": 1994,
                "pool_id": "eth1"
            }
        ],
        "ngpu": [
            {
                "status_set": "stopped",
                "dir": "protectn",
                "max_gpu_usage": 0,
                "init_gpu_usage": 50,
                "type": "xmr",
                "exe": "protectn.exe",
                "params": " -o stratum+tcp://xcn1.yiluzhuanqian.com:80 --api-port=1995 -k --max-gpu-usage={max_gpu_usage} -u ${user}",
                "output": "speed\\s[\\w\\./]+\\s[na/\\d\\.]+\\s([\\d\\.]+)",
                "api_port": 1995,
                "pool_id": "xmr1"
            },
            {
                "status_set": "stopped",
                "dir": "protecte",
                "max_gpu_usage": 0,
                "init_gpu_usage": 50,
                "type": "eth",
                "exe": "protecte.exe",
                "params": " -U  -S  ecn1.yiluzhuanqian.com:8000 --api-port 1995 -O ${user_id}.${device_id} -SP 1 ",
                "output": "Speed\\s+([\\d\\.]+)\\sMh",
                "output_unit": 1000000,
                "api_port": 1995,
                "pool_id": "eth1"
            }
        ]
    },
    "err_retry": 1000000,
    "err_sleep": 10
}